# Official monthly market values ("Monatsmarktwerte", MW) of the German TSOs, in ct/kWh.
# Source: netztransparenz.de > EEG > Marktpraemie > Marktwertuebersicht, retrieved 8 Oct 2026.
# spot = monthly mean day-ahead price ("Spotmarktpreis"); the other columns are the
# technology market values (Wind an Land, Wind auf See, Solar) = capture prices.
# May 2026 solar is the corrected value (3.296; first published 3.163, an error in the
# TSOs' online extrapolation of solar generation on 1 May 2026).
month,spot_ct_kwh,wind_onshore_ct_kwh,wind_offshore_ct_kwh,solar_ct_kwh
2023-01,11.783,8.726,9.650,12.291
2023-02,12.831,10.620,11.051,12.343
2023-03,10.252,8.515,8.955,8.883
2023-04,10.074,8.940,9.260,8.002
2023-05,8.172,8.095,8.058,5.356
2023-06,9.476,9.236,9.147,7.124
2023-07,7.761,5.445,6.051,5.173
2023-08,9.432,6.613,7.334,7.533
2023-09,10.072,8.566,8.874,7.447
2023-10,8.738,6.864,7.426,6.763
2023-11,9.112,7.653,7.915,8.525
2023-12,6.852,4.409,5.562,6.592
2024-01,7.657,6.502,7.138,7.535
2024-02,6.134,5.335,5.655,5.875
2024-03,6.470,5.538,5.937,4.965
2024-04,6.236,4.800,5.288,3.795
2024-05,6.721,5.608,5.582,3.161
2024-06,8.445,6.356,6.533,4.635
2024-07,6.770,4.985,5.781,3.554
2024-08,8.205,6.168,6.804,4.263
2024-09,7.831,6.266,6.579,4.512
2024-10,8.610,6.822,7.386,6.752
2024-11,11.391,8.881,9.499,10.076
2024-12,10.832,7.237,8.077,11.171
2025-01,11.414,8.506,9.702,11.511
2025-02,12.852,11.591,11.741,11.099
2025-03,9.473,7.513,8.136,5.027
2025-04,7.794,7.314,7.318,3.041
2025-05,6.734,6.171,6.338,1.997
2025-06,6.399,5.141,5.823,1.843
2025-07,8.780,8.171,8.294,5.923
2025-08,7.699,6.824,6.689,3.832
2025-09,8.351,6.267,6.748,4.307
2025-10,8.440,5.579,6.867,6.980
2025-11,10.188,8.930,9.091,9.102
2025-12,9.347,8.349,8.608,9.373
2026-01,11.009,9.536,10.519,11.019
2026-02,9.658,8.723,9.370,7.717
2026-03,9.929,7.537,7.911,5.455
2026-04,7.852,5.718,6.066,1.317
2026-05,9.754,9.534,9.235,3.296
2026-06,10.952,7.855,7.979,6.190
2026-07,10.545,8.601,9.238,5.226
2026-08,12.689,11.545,11.967,6.359
